{"cameraMode":{"drawMode":0,"name":"Shaded","section":"Shading Mode"},"sceneLighting":false,"audioPlay":false,"sceneViewState":{"showFog":true,"showMaterialUpdate":false,"showSkybox":false,"showFlares":true,"showImageEffects":true,"showParticleSystems":true,"showVisualEffectGraphs":true,"m_FxEnabled":true},"in2DMode":false,"pivot":{"x":15.787446022033692,"y":-178.3751678466797,"z":125.74272918701172},"rotation":{"x":0.4788932204246521,"y":0.03449214622378349,"z":-0.018840564414858819,"w":0.8770046830177307},"size":116.81492614746094,"orthographic":false}