{"cameraMode":{"drawMode":0,"name":"Shaded","section":"Shading Mode"},"sceneLighting":false,"audioPlay":false,"sceneViewState":{"showFog":true,"showMaterialUpdate":false,"showSkybox":false,"showFlares":true,"showImageEffects":true,"showParticleSystems":true,"showVisualEffectGraphs":true,"m_FxEnabled":true},"in2DMode":false,"pivot":{"x":2.6462857723236086,"y":0.7172995805740356,"z":0.7423738241195679},"rotation":{"x":-0.06373891979455948,"y":0.8085764050483704,"z":-0.08914754539728165,"w":-0.5781031250953674},"size":2.9660251140594484,"orthographic":false}